id	name	rating	delta
matix2565	IG、TheCai(菜)	1663.019032	163.019032
caorui	Fighter	1619.260932	119.260932