id	name	rating	delta
chencn14	陈龙	1734.9748166604404	72.15612424794034
acdart	Julius Zhang	1720.3862924125	0
gaoziqi	高子奇	1717.0375691604404	119.32113174794034
zhanzq	zhan zhiqiang	1711.3064704541903	211.30647045419033
qingkangkang	qingkangkang	1685.2561966604403	111.06245424794025
jerryhao	季国玮	1684.0347474125	0
tarma	tarma	1668.6608316604404	86.02342924794033
seieewkx	Kaixiang Wang	1667.9635059125	0
user7612p	Love of red moon	1666.5554441604404	177.4542967479403
warren	Warren	1647.6518574125	0
matix2565	IG、TheCai(菜)	1639.5914771604405	-26.74794625205964
dadachen	Dadaachen	1614.0690141604405	3.8637667479403675
laziji	laziji	1604.2492404541904	104.24924045419033
yanqinghe	闫庆贺	1600.0756116604405	33.41661924794034
noname	noname	1596.4972604541904	96.49726045419033
chenguyue	陈佳熠	1593.5404116604404	78.17929924794038