id	name	rating	delta
gaoziqi	高子奇	1935.366672135711	-6.086421386942938
ryanwang	ryanwang	1839.9354209508672	118.27286979790094
cosecoder	CoseCoder	1732.5516030856688	0
yousiki	YouSiki	1725.253400374384	225.25340037438397
acdart	Julius Zhang	1720.3862924125	0
zhanzq	zhan zhiqiang	1711.3064704541903	0
chencn14	陈龙	1700.434585397654	0
bice	斌 邢	1697.3046397406558	57.61650100811207
yuweiming70	koishi70	1694.941724010711	91.63682673805701
checkmate	checkmate	1692.6923437922185	43.13434695654947
qingkangkang	qingkangkang	1689.320028704604	4.063832044163824
jerryhao	季国玮	1684.0347474125	0
winterli	Xuedong Li	1678.8329997406559	114.06438100811201
tarma	tarma	1678.449387448211	35.00259330055709
corwinliu	XuqinLiu	1668.7027654539615	60.8281852948065
seieewkx	Kaixiang Wang	1667.9635059125	0
aixiong	肖宏宇	1664.472635374384	164.472635374384
eatcwt	eatcwt	1648.3666953743839	148.36669537438397
muliunian	流年似水 岁月成灰	1647.2461201591552	0
axed2	Axe	1641.8322631014792	91.8389876472888
banxi	banxi	1634.796035010711	-23.696924261943003
warren	Warren	1633.0423203039923	-7.421109555224156
sanjusss	陈玉鹏	1625.061268698211	-34.06668794944293
isshe	isshe	1624.4798563800614	0
noname	noname	1619.0227553862503	0
heygrandpa	heygrandpa	1615.9081384893755	0