id	name	rating	delta
gaoziqi	高子奇	1860.7062947393754	143.66872557893495
chencn14	陈龙	1733.9654684893753	-1.0093481710649996
acdart	Julius Zhang	1720.3862924125	0
zhanzq	zhan zhiqiang	1711.3064704541903	0
tarma	tarma	1708.3693859893754	39.70855432893504
qingkangkang	qingkangkang	1685.2561966604403	0
jerryhao	季国玮	1684.0347474125	0
checkmate	checkmate	1683.6673513654052	105.38128895290512
seieewkx	Kaixiang Wang	1667.9635059125	0
user7612p	Love of red moon	1666.5554441604404	0
cosecoder	CoseCoder	1659.6241038654052	175.19582645290527
warren	Warren	1647.6518574125	0
muliunian	流年似水 岁月成灰	1647.2461201591552	147.2461201591552
matix2565	IG、TheCai(菜)	1639.5914771604405	0
noname	noname	1619.0227553862503	22.525494932060013
bice	斌 邢	1618.408405159155	118.4084051591552
heygrandpa	heygrandpa	1615.9081384893755	29.812281828935028
dadachen	Dadaachen	1614.0690141604405	0