id	name	rating	delta
ryanwang	ryanwang	1713.1322016190475	213.13220161904758
gaoziqi	高子奇	1676.3753066190475	176.3753066190476
sanjusss	陈玉鹏	1654.9423866190477	154.94238661904762
lingfengsan	YuanchenglongChen	1639.6184066190476	139.61840661904762
banxi	banxi	1627.6057466190477	127.60574661904764
cosecoder	CoseCoder	1617.6763666190477	117.6763666190476
20210721.fallpinkstar	已注销	1609.1806166190477	109.18061661904767
winterli	Xuedong Li	1601.7327066190476	101.73270661904758
kmforward	KMForward	1595.0846066190475	95.08460661904758