id	name	rating	delta	rank	competes
ryanwang	ryanwang	1713.474022142857	213.4740221428572	1	1
gaoziqi	高子奇	1676.724292142857	176.7242921428572	2	1
sanjusss	陈玉鹏	1655.288867142857	155.2888671428572	3	1
lingfengsan	YuanchenglongChen	1639.960022142857	139.9600221428572	4	1
banxi	banxi	1627.941652142857	127.9416521428572	5	1
cosecoder	CoseCoder	1618.006212142857	118.0062121428571	6	1
20210721.fallpinkstar	已注销	1609.504247142857	109.5042471428571	7	1
winterli	Xuedong Li	1602.050067142857	102.0500671428571	8	1
kmforward	KMForward	1595.395672142857	95.39567214285717	9	1