id	name	rating	delta	rank	competes
ryanwang	ryanwang	1826.72416195191	113.2501398090524	2	2
gaoziqi	高子奇	1732.92631195191	56.20201980905236	7	2
yousiki	YouSiki	1717.012900880481	217.0129008804809	1	1
winterli	Xuedong Li	1698.70045945191	96.65039230905236	5	2
yuweiming70	koishi70	1666.49409945191	96.89984230905227	6	2
aixiong	肖宏宇	1658.030440880481	158.0304408804809	3	1
eatcwt	eatcwt	1642.437755880481	142.437755880481	4	1
bice	斌 邢	1633.24407695191	79.09748480905242	9	2
sanjusss	陈玉鹏	1620.49492445191	-34.79394269094767	36	2
cosecoder	CoseCoder	1618.006212142857	0.0	0	1
banxi	banxi	1609.950521951909	-17.99113019094759	31	2
axed2	Axe	1603.754480880481	103.7544808804809	8	1
20210721.fallpinkstar	已注销	1600.74099445191	-8.763252690947615	29	2