id	name	rating	delta
ryanwang	ryanwang	1826.6601556001885	113.52795398114108
gaoziqi	高子奇	1732.7096681001885	56.33436148114106
yousiki	YouSiki	1716.599504790665	216.5995047906648
winterli	Xuedong Li	1698.2745231001886	96.54181648114104
yuweiming70	koishi70	1666.0314456001886	96.71692398114101
aixiong	肖宏宇	1657.6177897906648	157.6177897906648
eatcwt	eatcwt	1642.0321897906647	142.0321897906648
bice	斌 邢	1632.7913806001884	78.89965898114099
sanjusss	陈玉鹏	1620.4041781001888	-34.538208518859044
cosecoder	CoseCoder	1617.6763666190477	0
banxi	banxi	1609.7537431001888	-17.85200351885907
axed2	Axe	1603.380214790665	103.38021479066481
20210721.fallpinkstar	已注销	1600.4922881001887	-8.68832851885906