id	name	rating	delta
ryanwang	ryanwang	1826.6601556001885	0
bice	斌 邢	1782.6926118662886	149.90123126610035
gaoziqi	高子奇	1732.7096681001885	0
ty1234258	ty1234258	1728.9913865661947	228.9913865661946
corwinliu	XuqinLiu	1717.7999439615269	127.38246917086224
yousiki	YouSiki	1716.599504790665	0
xh286286	redpandabigcat	1701.3694073757183	157.2976457566707
yuweiming70	koishi70	1666.0314456001886	0
aixiong	肖宏宇	1657.6177897906648	0
axed2	Axe	1649.647163961527	46.26694917086206
hangyesheng	hangyesheng	1645.9016215661945	145.90162156619454
eatcwt	eatcwt	1642.0321897906647	0
xyqlx	小萌新	1628.0751765661946	128.0751765661946
bluesword	李林峰	1621.175959366289	144.53145376610019
niluobu	倪学明	1620.8927965661946	120.89279656619453
cosecoder	CoseCoder	1617.6763666190477	0
hnshhslsh	hnshhslsh	1614.4958465661946	114.49584656619459
winterli	Xuedong Li	1611.397108116289	-86.87741498389971
yiminghzq	黄章强	1608.7188265661946	108.7188265661946
zixunsilu	zixunsilu	1607.2292006162888	16.814392516100266
sudl	Dylan Su	1603.4437765661946	103.44377656619463
20210721.fallpinkstar	已注销	1600.4922881001887	0
koloxite	koloxite	1598.5836265661947	98.58362656619454