id	name	rating	delta
ryanwang	ryanwang	1970.5690444484517	0
yousiki	YouSiki	1854.9169300210401	0
corwinliu	XuqinLiu	1795.9583909546259	78.158446993099
bice	斌 邢	1781.9754023631315	-4.996204415406515
yanqinghe	闫庆贺	1773.1129358876008	149.5925820601242
xyqlx	小萌新	1769.481991038108	20.211466909616995
tclh123	tclh123	1754.443301318839	120.13046662888587
luchy0120	luchy0120	1747.2533489738626	247.25334897386244
winterli	Xuedong Li	1741.3182027626008	67.21919518512414
user2140uw	user2140Uw	1736.1356958453937	0
tarma	tarma	1734.8310110617635	146.03754688596143
gaoziqi	高子奇	1732.7096681001885	0
ty1234258	ty1234258	1728.9913865661947	0
kennethwdk	kennethwdk	1727.7954318965592	27.841006051165657
leimiaos	leimiaos	1711.9274789738624	211.92747897386243
walkerlikesfish	Walker	1706.8196104980648	106.34706744966013
user8666	陈东文	1703.2907854980647	76.70063244966013
zixunsilu	zixunsilu	1691.742151153538	0
jerryhao	季国玮	1678.7636758453937	0
checkmate	checkmate	1674.9313525774767	0
dxx1996	dxx1996	1659.4261744504456	-10.935746502720809
hnshhslsh	hnshhslsh	1658.027864128491	0
aixiong	肖宏宇	1657.6177897906648	0
eatcwt	eatcwt	1657.3923488691946	15.360159078530039
lrus	白水	1656.5974699501007	38.4195579976241
hnyuuu	贺宁宇	1655.2937789738626	155.29377897386246
cybereagle	罗诤	1650.5669776257075	0
bluesword	李林峰	1647.9474367381315	38.76797120959338
meihualu233	lu zening	1640.1112805484045	0
vincent666	vincent666	1635.3080676257077	0
user7612p	Love of red moon	1635.0552884352314	0
lorylin	lorylin	1633.6493989738624	133.6493989738625
halowb	halowb	1633.5781542480645	-38.694616300339824
ghost_liu	微软真尼玛香	1633.4329512001007	-5.433713252375929
junchen	万峻辰	1630.038532033253	0
czsnb	czsnb	1627.9169389738624	127.91693897386244
1307020111	吕中杰	1623.4775158564712	0
e-yi	e	1622.069229128491	0
zhtan	谭震华	1620.9097868965591	64.62874105116555
cosecoder	CoseCoder	1617.6763666190477	0
axed2	Axe	1617.6467840387863	0
linmiaojia	LinMiaojia	1613.4012489738625	113.4012489738625