id	name	rating	delta
ryanwang	ryanwang	1970.5690444484517	0
yousiki	YouSiki	1854.9169300210401	0
luchy0120	luchy0120	1814.2358821991747	66.98253322531218
bice	斌 邢	1807.0847688938093	25.10936653067779
checkmate	checkmate	1798.0614240009818	123.13007142350511
corwinliu	XuqinLiu	1795.9583909546259	0
tarma	tarma	1776.2147282431251	41.3837171813617
xh286286	redpandabigcat	1774.1065799788698	185.291485445617
yanqinghe	闫庆贺	1771.2940906560439	-1.8188452315569048
xyqlx	小萌新	1769.481991038108	0
winterli	Xuedong Li	1764.7410740935438	23.422871330943053
tclh123	tclh123	1754.443301318839	0
user2140uw	user2140Uw	1736.1356958453937	0
gaoziqi	高子奇	1732.7096681001885	0
ty1234258	ty1234258	1728.9913865661947	0
kennethwdk	kennethwdk	1727.7954318965592	0
lavender_qaq	摸鱼喵	1726.5763365250973	113.33565889938973
20210721.fallpinkstar	已注销	1723.8685484675375	267.05499695694937
user7612p	Love of red moon	1717.8990219298594	82.84373349462783
leimiaos	leimiaos	1711.9274789738624	0
halowb	halowb	1707.9420348362758	74.36388058821126
bfcpzk	Zhaokang Pan	1707.7386490250974	148.27569639938963
2ag	湘闽 邹	1695.2276077122435	195.22760771224353
user8666	陈东文	1695.2048054612758	-8.085980036788895
walkerlikesfish	Walker	1692.2075579612758	-14.61205253678895
zixunsilu	zixunsilu	1691.742151153538	0
jerryhao	季国玮	1678.7636758453937	0
ghost_liu	微软真尼玛香	1676.3982283122937	42.96527711219312
lrus	白水	1668.7513426872938	12.153872737193069
dxx1996	dxx1996	1659.4261744504456	0
dut200901102	HuJun	1659.3509777122435	159.35097771224343
hnshhslsh	hnshhslsh	1658.027864128491	0
aixiong	肖宏宇	1657.6177897906648	0
eatcwt	eatcwt	1657.3923488691946	0
cybereagle	罗诤	1650.5669776257075	0
lorylin	lorylin	1650.4399871991745	16.790588225312263
meihualu233	lu zening	1640.1112805484045	0
sicojuy	liaoziqian	1637.7574327122434	137.75743271224349
vincent666	vincent666	1635.3080676257077	0
3049627766	李鑫鹏	1632.0415327122435	132.04153271224345
junchen	万峻辰	1630.038532033253	0
czsnb	czsnb	1627.9169389738624	0
gaorongchao	GRC	1623.717469927621	77.71239549686572
1307020111	吕中杰	1623.4775158564712	0
qnc	千年虫	1622.8650899529189	25.32373547156817
e-yi	e	1622.069229128491	0
foxspy	foxspy	1622.0270127122435	122.0270127122435
axed2	Axe	1621.0399747316367	3.3931906928503413
zhtan	谭震华	1620.9097868965591	0