id	name	rating	delta
ryanwang	ryanwang	1970.5690444484517	0
luchy0120	luchy0120	1896.6398113236694	82.40392912449458
bice	斌 邢	1855.4257396709866	48.34097077717733
yousiki	YouSiki	1854.9169300210401	0
user7612p	Love of red moon	1841.8065461890117	123.90752425915235
checkmate	checkmate	1798.0614240009818	0
tarma	tarma	1783.8863343456446	7.671606102519423
xh286286	redpandabigcat	1774.1065799788698	0
aixiong	肖宏宇	1772.8535401194144	115.23575032874957
corwinliu	XuqinLiu	1770.659455701395	-25.298935253230933
xyqlx	小萌新	1769.481991038108	0
tclh123	tclh123	1754.443301318839	0
1k2222	1k2222	1751.253780224082	251.25378022408194
ghost_liu	微软真尼玛香	1739.4020393802289	63.00381106793513
zhou_zzz	zhou_zzz	1737.8074836960016	202.94835675216262
yanqinghe	闫庆贺	1736.628775552104	-34.66531510393993
user2140uw	user2140Uw	1736.1356958453937	0
gaoziqi	高子奇	1732.7096681001885	0
ty1234258	ty1234258	1728.9913865661947	0
kennethwdk	kennethwdk	1727.7954318965592	0
20210721.fallpinkstar	已注销	1714.9272544578507	-8.941294009686725
leimiaos	leimiaos	1711.9274789738624	0
halowb	halowb	1701.37604264222	-6.56599219405582
2ag	湘闽 邹	1695.2276077122435	0
user8666	陈东文	1695.2048054612758	0
walkerlikesfish	Walker	1692.2075579612758	0
randomtheory	方汐	1686.7639890802038	141.76380136796018
qnc	千年虫	1685.6765652005415	62.81147524762257
winterli	Xuedong Li	1684.212032270854	-80.52904182268988
lavender_qaq	摸鱼喵	1679.8650134866307	-46.71132303846669
jerryhao	季国玮	1678.7636758453937	0
dxx1996	dxx1996	1659.4261744504456	0
dut200901102	HuJun	1659.3509777122435	0
hnshhslsh	hnshhslsh	1658.027864128491	0
eatcwt	eatcwt	1657.3923488691946	0
cybereagle	罗诤	1650.5669776257075	0
lorylin	lorylin	1650.4399871991745	0
axed2	Axe	1649.4406375899005	28.400662858263715
dsz6223042	Di Shang zhe	1649.010005224082	149.01000522408202
sanjusss	陈玉鹏	1645.0488884427289	98.64183200543498
meihualu233	lu zening	1640.1112805484045	0
vincent666	vincent666	1635.3080676257077	0
3049627766	李鑫鹏	1632.0415327122435	0
junchen	万峻辰	1630.038532033253	0
nizqleo	nizqleo	1629.238980224082	129.238980224082
czsnb	czsnb	1627.9169389738624	0
gaorongchao	GRC	1623.717469927621	0
1307020111	吕中杰	1623.4775158564712	0
e-yi	e	1622.069229128491	0
foxspy	foxspy	1622.0270127122435	0
lrus	白水	1621.5617765677289	-47.18956611956487
zhtan	谭震华	1620.9097868965591	0
kioyong	梁勇	1618.754334067729	7.859736380435084
cosecoder	CoseCoder	1617.6763666190477	0