id	name	rating	delta
dxyinme	dxyinme	1805.4836853283937	149.2217939189976
201612201402013	201612201402013	1792.5618303283936	65.10973891899755
goddice	God Play Dice 🎲🎲🎲🎲	1735.2042196236955	235.2042196236955
tarma	tarma	1714.0021928283936	87.07390641899758
moonpuck	Moonpuck	1691.856991409396	0
withod0	Withod	1681.1233078283935	123.98976141899766
luchy0120	luchy0120	1671.0890114093959	0
bice	斌 邢	1667.3100303283936	99.12339891899762
chezhicong	chezhicong	1665.6545203283936	186.70624891899752
percy	ban peng	1665.5565378283936	84.27221141899747
wengames	wengames	1664.4147246236955	164.41472462369552
open-node	赵雄飞	1660.9844828283935	148.52434641899754
chauncylee	chauncylee	1643.7827628283935	-0.8792735810025061
yellow_hzy	yellow_hzy	1635.095101409396	0
badboynt	badboynt	1629.3207128283934	94.42276641899764
winterli	Xuedong Li	1619.7854314093959	0
morewine	bihaixiao	1619.6410503283937	41.8731389189976
time-limit	自在飞花	1616.1102196236957	116.11021962369557
w03k	wack	1615.4711603283936	72.39027891899752
resara	resara	1614.8288978283936	55.083611418997634