id	name	rating	delta	rank	competes
matix2565	IG、TheCai(菜)	1663.993368333333	163.9933683333334	1	1
caorui	Fighter	1620.298443333333	120.2984433333334	2	1